outer_fold,repeat,split,algorithm,roc_auc,pr_auc,macro_f1,balanced_accuracy,mcc,train_time_sec,latency_ms_sample,best_params
1,1,1,Logistic_Regression,0.7860294664090368,0.43601914039495143,0.5896038078279628,0.5664254926108374,0.2921070345907204,12.268028497695923,0.0029482153678994085,"{'model__C': 0.001, 'model__class_weight': None}"
1,1,1,Decision_Tree,0.7636312885736934,0.39283073921627476,0.6170731212797981,0.5861897920087575,0.3183226708360987,7.819954872131348,0.00212970087978665,"{'model__max_depth': 4, 'model__min_samples_split': 2}"
1,1,1,Random_Forest,0.802187656300134,0.4660728336284535,0.6325089808750952,0.5978978516694033,0.340454490763627,93.48006176948547,0.006369417763960598,"{'model__max_depth': 8, 'model__min_samples_split': 5, 'model__n_estimators': 100}"
1,1,1,Neural_Network_MLP,0.7964458381697903,0.449172279045173,0.6397028359836275,0.6048080870279146,0.34144928161919835,69.51441812515259,0.006022906060239653,"{'model__alpha': 0.0001, 'model__hidden_layer_sizes': (32, 16)}"
2,1,2,Logistic_Regression,0.7754397509726156,0.4281778358265844,0.5875163962101975,0.5651480489528699,0.28475649214746107,9.51264476776123,0.0034415367233007694,"{'model__C': 0.001, 'model__class_weight': None}"
2,1,2,Decision_Tree,0.7584043642379765,0.41112373063270424,0.6269520216057237,0.5923744958311412,0.3471413581524687,7.366090536117554,0.0021223741078564957,"{'model__max_depth': 4, 'model__min_samples_split': 2}"
2,1,2,Random_Forest,0.7883637000783524,0.4798827344465204,0.6329263195803082,0.5971524755421642,0.3518686288944589,92.45230650901794,0.00662502550543187,"{'model__max_depth': 8, 'model__min_samples_split': 5, 'model__n_estimators': 100}"
2,1,2,Neural_Network_MLP,0.7873560266150379,0.47574069897474125,0.6385407866328734,0.6018620370813207,0.35590328809322647,56.91907334327698,0.005255920928973607,"{'model__alpha': 0.1, 'model__hidden_layer_sizes': (32, 16)}"
3,1,3,Logistic_Regression,0.7880704113438696,0.43273357597351647,0.5939493073867741,0.5695123476307555,0.29206719449284785,10.314907550811768,0.0032099507835031496,"{'model__C': 0.001, 'model__class_weight': None}"
3,1,3,Decision_Tree,0.7805711074170728,0.4024549350913881,0.6081701330931442,0.5796637347040863,0.30641404359513397,7.392831802368164,0.0020877187296920066,"{'model__max_depth': 4, 'model__min_samples_split': 2}"
3,1,3,Random_Forest,0.8051195594210558,0.4619602663657099,0.6256773341722013,0.592714369900379,0.3298559311431851,98.17361044883728,0.010000667792055632,"{'model__max_depth': 8, 'model__min_samples_split': 15, 'model__n_estimators': 100}"
3,1,3,Neural_Network_MLP,0.7868568549053105,0.44009453966410633,0.646936405054234,0.6149066436058008,0.3321935928312713,68.46189475059509,0.003456939113596098,"{'model__alpha': 0.001, 'model__hidden_layer_sizes': (32, 16)}"
4,1,4,Logistic_Regression,0.7795052453245117,0.4314891152226465,0.5951447719131454,0.5699315400206698,0.3058086164838522,11.63946270942688,0.003601611565298649,"{'model__C': 0.001, 'model__class_weight': None}"
4,1,4,Decision_Tree,0.7470762713364133,0.3815898253573879,0.6338076215505913,0.60062490266773,0.3283072641201457,6.580127000808716,0.0022785404485576284,"{'model__max_depth': 4, 'model__min_samples_split': 2}"
4,1,4,Random_Forest,0.7931698111871941,0.46660227039526303,0.6241642458564806,0.5911750453037474,0.33224259487585867,102.04129791259766,0.008107042341573932,"{'model__max_depth': 8, 'model__min_samples_split': 15, 'model__n_estimators': 100}"
4,1,4,Neural_Network_MLP,0.7889601905116963,0.45223814560571657,0.6445396591977199,0.6080484054024718,0.3535830604605731,69.00448989868164,0.008222270750174322,"{'model__alpha': 0.0001, 'model__hidden_layer_sizes': (32,)}"
5,1,5,Logistic_Regression,0.7802003599524311,0.4356638821910838,0.5949548474256147,0.5699913403774368,0.2994911705232386,10.722071170806885,0.003209140131382343,"{'model__C': 0.001, 'model__class_weight': None}"
5,1,5,Decision_Tree,0.7541027026516849,0.3977930295341493,0.6277239429803335,0.5938005832857487,0.33800066032584697,7.75192403793335,0.0021424956515693778,"{'model__max_depth': 4, 'model__min_samples_split': 2}"
5,1,5,Random_Forest,0.801840420499002,0.46653124477089547,0.626904518965411,0.5934584456095477,0.3337042960083773,101.21952891349792,0.008961498628765725,"{'model__max_depth': 8, 'model__min_samples_split': 5, 'model__n_estimators': 200}"
5,1,5,Neural_Network_MLP,0.7922648422863291,0.44852432806285447,0.6286297241409653,0.5944078039244372,0.34018871683520735,66.87343502044678,0.0032534943831350562,"{'model__alpha': 0.0001, 'model__hidden_layer_sizes': (32, 16)}"
6,2,1,Logistic_Regression,0.7791701023205556,0.4339974298418805,0.5905922472719887,0.5669044198139026,0.30018567848994804,11.675435543060303,0.006662664510718591,"{'model__C': 0.001, 'model__class_weight': None}"
6,2,1,Decision_Tree,0.7518633630126643,0.39921132989737573,0.6291195465009445,0.5950756020799124,0.3376527602288672,6.56992506980896,0.0021155161901606464,"{'model__max_depth': 4, 'model__min_samples_split': 2}"
6,2,1,Random_Forest,0.7977465207000358,0.4690212634738687,0.6265522790590283,0.5923987411056376,0.3425899511459875,98.56098127365112,0.006648885097939045,"{'model__max_depth': 8, 'model__min_samples_split': 15, 'model__n_estimators': 100}"
6,2,1,Neural_Network_MLP,0.7917432684776248,0.46773094203860305,0.6360430644873771,0.6010536398467433,0.34220908476932055,67.12949252128601,0.00326207333713437,"{'model__alpha': 0.1, 'model__hidden_layer_sizes': (32, 16)}"
7,2,2,Logistic_Regression,0.772249486162554,0.4278871209670059,0.5819186623851221,0.5615092650161281,0.27584714241913744,10.59968876838684,0.0032437086539624602,"{'model__C': 0.001, 'model__class_weight': None}"
7,2,2,Decision_Tree,0.7509411742477249,0.3847866982753125,0.6166496276787169,0.5856203601851409,0.32111130038561453,7.503895282745361,0.002436617612114949,"{'model__max_depth': 4, 'model__min_samples_split': 2}"
7,2,2,Random_Forest,0.7911682546767917,0.4503631966960544,0.6183007936121525,0.5869648104750214,0.321658479200296,96.23951864242554,0.007605017063902882,"{'model__max_depth': 8, 'model__min_samples_split': 15, 'model__n_estimators': 150}"
7,2,2,Neural_Network_MLP,0.7899990936621893,0.4462624880568997,0.6530320529662846,0.6174401241358054,0.35385125537189777,65.0691487789154,0.003388815383586872,"{'model__alpha': 0.1, 'model__hidden_layer_sizes': (32, 16)}"
8,2,3,Logistic_Regression,0.7913562602936249,0.4561786335755929,0.6004433146909984,0.5734978091390872,0.31283871637470306,11.576147556304932,0.003005637497198386,"{'model__C': 0.001, 'model__class_weight': None}"
8,2,3,Decision_Tree,0.7624075785854847,0.4075983525239029,0.6326113705439704,0.5977003629018938,0.34330957875863194,7.606337070465088,0.0021486044943368862,"{'model__max_depth': 4, 'model__min_samples_split': 2}"
8,2,3,Random_Forest,0.8067102784056855,0.48479888981680674,0.6368386764817511,0.6011297769498308,0.3481406504720061,97.25615859031677,0.0076638761982457445,"{'model__max_depth': 8, 'model__min_samples_split': 5, 'model__n_estimators': 150}"
8,2,3,Neural_Network_MLP,0.7937044750428262,0.464073895692909,0.647653487266838,0.6106055158492328,0.3582144628058753,68.88182067871094,0.0065305555814964234,"{'model__alpha': 0.1, 'model__hidden_layer_sizes': (32,)}"
9,2,4,Logistic_Regression,0.7801598048399503,0.41422142822594243,0.5968256995422397,0.571334009546821,0.29972119703015065,11.691704511642456,0.011851068113381455,"{'model__C': 0.001, 'model__class_weight': None}"
9,2,4,Decision_Tree,0.7738184599793302,0.40453961053204923,0.6236169279888174,0.5911664181252743,0.3267054142203707,7.465639114379883,0.002192785034920855,"{'model__max_depth': 4, 'model__min_samples_split': 2}"
9,2,4,Random_Forest,0.7967259046592072,0.4523864654452685,0.6262616032841221,0.5936464738583219,0.32566787566315963,95.82623028755188,0.01007319220500638,"{'model__max_depth': 8, 'model__min_samples_split': 15, 'model__n_estimators': 100}"
9,2,4,Neural_Network_MLP,0.788502212686937,0.4463210710536164,0.6307877198732655,0.5969476600142518,0.334303551989354,65.36885690689087,0.0032805643735977106,"{'model__alpha': 0.0001, 'model__hidden_layer_sizes': (32, 16)}"
10,2,5,Logistic_Regression,0.7860857916121999,0.42821254848468954,0.5908154427558419,0.5674256027522027,0.2869927588708488,10.059746026992798,0.014790695366457005,"{'model__C': 0.001, 'model__class_weight': None}"
10,2,5,Decision_Tree,0.7790960073712973,0.4045137738416611,0.6207744303711126,0.5884212794297391,0.33044520761902013,7.748816967010498,0.0021775853076557283,"{'model__max_depth': 4, 'model__min_samples_split': 2}"
10,2,5,Random_Forest,0.7996101105222673,0.4675058840548768,0.6302533939373597,0.5960155560563087,0.3385759030357546,91.34578585624695,0.006536838135432676,"{'model__max_depth': 8, 'model__min_samples_split': 15, 'model__n_estimators': 100}"
10,2,5,Neural_Network_MLP,0.7947477737455344,0.45249957226466725,0.6279709624319556,0.5941340937834764,0.336726853214495,63.00501465797424,0.003264756657241979,"{'model__alpha': 0.1, 'model__hidden_layer_sizes': (32, 16)}"
11,3,1,Logistic_Regression,0.7761681813034369,0.43163829481359683,0.597558497924929,0.5716765873015873,0.3050887265374567,11.019875526428223,0.0057144324833933394,"{'model__C': 0.001, 'model__class_weight': None}"
11,3,1,Decision_Tree,0.7506327206368079,0.40136224262571146,0.6241413868483193,0.5900554187192117,0.3471232051853725,6.358812570571899,0.0036734293362884743,"{'model__max_depth': 4, 'model__min_samples_split': 2}"
11,3,1,Random_Forest,0.793466551181511,0.4641979814111817,0.6314478234121091,0.5960334564860427,0.3499487006106733,93.54133796691895,0.006261122000917987,"{'model__max_depth': 8, 'model__min_samples_split': 5, 'model__n_estimators': 100}"
11,3,1,Neural_Network_MLP,0.7860205455051621,0.44810271078874586,0.6443447382567211,0.6071856185002736,0.35837892675925354,57.97226071357727,0.0033525658672790377,"{'model__alpha': 0.1, 'model__hidden_layer_sizes': (32, 16)}"
12,3,2,Logistic_Regression,0.7704635283170046,0.4092306457826795,0.5823890165843804,0.5619722501208942,0.269382707832982,10.652376890182495,0.005779862765767897,"{'model__C': 0.001, 'model__class_weight': None}"
12,3,2,Decision_Tree,0.7528846341199873,0.3897122899580997,0.601296047892292,0.5745751430803322,0.30114410956967674,7.888962984085083,0.002534214337087792,"{'model__max_depth': 4, 'model__min_samples_split': 2}"
12,3,2,Random_Forest,0.7897911083241961,0.4611943611719138,0.6259123806590698,0.5926242553711586,0.33299088250567094,106.56885528564453,0.008868910575825008,"{'model__max_depth': 8, 'model__min_samples_split': 15, 'model__n_estimators': 200}"
12,3,2,Neural_Network_MLP,0.7861800754474564,0.44389464664997597,0.6323391931953467,0.5978731912360972,0.3390492862070727,64.10572338104248,0.003535572369314355,"{'model__alpha': 0.001, 'model__hidden_layer_sizes': (32, 16)}"
13,3,3,Logistic_Regression,0.7864482068446412,0.4533440314122526,0.5926608695837174,0.568315160710325,0.30126326831630945,11.652270317077637,0.00669065937535576,"{'model__C': 0.001, 'model__class_weight': None}"
13,3,3,Decision_Tree,0.7594496361542783,0.40173128725645035,0.6348450220562756,0.5995818251747261,0.3451306843732416,6.708669662475586,0.0021681470008206205,"{'model__max_depth': 4, 'model__min_samples_split': 2}"
13,3,3,Random_Forest,0.8001794305649282,0.4704028566363268,0.6389205004143779,0.6022159903352006,0.3560790518765449,101.0388708114624,0.006448824476602226,"{'model__max_depth': 8, 'model__min_samples_split': 15, 'model__n_estimators': 100}"
13,3,3,Neural_Network_MLP,0.7922906500851806,0.45910499422939827,0.6661190083949058,0.6290780009013558,0.3744471202717484,86.43215847015381,0.0033778426280945233,"{'model__alpha': 0.1, 'model__hidden_layer_sizes': (64,)}"
14,3,4,Logistic_Regression,0.8029870241336838,0.44510363770422295,0.5915214299395921,0.5677677404284035,0.2923152295825599,12.584780931472778,0.006741672555243673,"{'model__C': 0.001, 'model__class_weight': None}"
14,3,4,Decision_Tree,0.7781175231119899,0.40512540893394633,0.6209624627807304,0.5898064945989439,0.3155712928263355,7.054619312286377,0.0022191601807085327,"{'model__max_depth': 4, 'model__min_samples_split': 2}"
14,3,4,Random_Forest,0.8201554779781315,0.4764817930641977,0.6200909610042673,0.5883442247160258,0.32376923490083903,101.85817122459412,0.008298703664421817,"{'model__max_depth': 8, 'model__min_samples_split': 15, 'model__n_estimators': 100}"
14,3,4,Neural_Network_MLP,0.8110722388309745,0.46737504640327554,0.6306537478271151,0.5964174940892767,0.3382108418188158,65.78312230110168,0.00341131097993926,"{'model__alpha': 0.001, 'model__hidden_layer_sizes': (32, 16)}"
15,3,5,Logistic_Regression,0.7738520838544051,0.42734206556798326,0.5978480270868602,0.5718130022935022,0.3072860156654799,11.211180448532104,0.0068392113764936015,"{'model__C': 0.001, 'model__class_weight': None}"
15,3,5,Decision_Tree,0.7586226068059442,0.3939351456273895,0.6276428608652735,0.593997238712996,0.33502238629310277,7.731872081756592,0.0020851709658837566,"{'model__max_depth': 4, 'model__min_samples_split': 2}"
15,3,5,Random_Forest,0.7917419762816006,0.45959434447468006,0.6330103891327549,0.5988291222870842,0.3363080141659518,96.51091051101685,0.006443642093401355,"{'model__max_depth': 8, 'model__min_samples_split': 5, 'model__n_estimators': 100}"
15,3,5,Neural_Network_MLP,0.7877474451753869,0.44431419289578555,0.631841719011463,0.5976233081881804,0.33720017630021876,66.1713056564331,0.0033957638303366445,"{'model__alpha': 0.0001, 'model__hidden_layer_sizes': (32, 16)}"
